Line,LineName,Sub-Region of Primary Service,Predominant Vehicle Type,TSG Service Type, POP , EMP ,Schedule,DataCapture, Average One-Way Trip Distance (km) , Notes ,Service Change 1,Service Change 2,Service Change 3,Service Change 4,Service Change 5,Service Change 6,Service Change 7,Service Change 8,Service Change 9
2,MACDONALD/DOWNTOWN,Vancouver/UBC,Std. Bus,All Day Frequent,"82,000","110,000",http://infomaps.translink.ca/Public_Timetables/148/tt002.pdf,400m,8.6, Data reflects service redesign with 022 in summer 2016 ,"- Summer 2016, Split 022 at Burrard Station; west side of 022 route and schedule incorporated into 002","- Summer 2016, reduce service due to efficiencies with combined 002/022 schedules (all days)",0,0,0,0,0,0,0
3,MAIN/DOWNTOWN,Vancouver/UBC,Artic. Trolley,All Day Frequent,"80,000","106,000",http://infomaps.translink.ca/Public_Timetables/148/tt003.pdf,400m,10,,"- Fall 2015, Increase freq from 30 to 20m from 2430-2530hr (M-F)",0,0,0,0,0,0,0,0
4,POWELL/DOWNTOWN/UBC,Vancouver/UBC,Std. Trolley,Peak Frequent,"122,000","167,000",http://infomaps.translink.ca/Public_Timetables/148/tt004.pdf,400m,14.2,,0,0,0,0,,0,0,0,0
005/006,ROBSON?DAVIE/DOWNTOWN,Vancouver/UBC,Std. Trolley,All Day Frequent,"109,000","131,000",http://infomaps.translink.ca/Public_Timetables/148/tt005.pdf; http://infomaps.translink.ca/Public_Timetables/148/tt006.pdf,400m,3.4, 005/006 run as a connected loop; data reflects service redesign with 023 in Dec 2016 ,"- December 2016, Reroute from Granville to Cambie with new terminus at Cambie and Dunsmuir to meet route 5 (all days)","- June 2017, Add one WB trip from Yaletown Stn around 0640 (M-F)","- Fall 2016, Permanent reroute of 005 btwn Burrard and Granville due to closure of the 800-block of Robson St","- December 2016, Reroute terminus from Pender and Robson along Pender to Cambie and Dunsmuir to meet route 6 (all days)","- Winter 2017, Extend one morning trip to SFU to close gap with N35 (All days); Increase service 07:00-09:00 from 5-6 to 4.5-5 min, 16:00-19:00 from 7.5-12 to 6-8.5 min, and 19:00-23:00 from 15 to 12 min (M-F); Increase service 16:00-25:00 from 12-20 to 10-15 min (Sat); Increase service 09:00-14:00 from 15 to 12 min (Sun); Introduce all-door boarding",0,0,0,0
7,NANAIMO STN/DUNBAR,Vancouver/UBC,Std. Trolley,Standard,"148,000","147,000",http://infomaps.translink.ca/Public_Timetables/148/tt007.pdf,400m,15.7,,0,0,0,0,0,0,0,0,0
8,FRASER/DOWNTOWN,Vancouver/UBC,Artic. Trolley,All Day Frequent,"83,000","104,000",http://infomaps.translink.ca/Public_Timetables/148/tt008.pdf,400m,8.9,,0,0,0,0,0,0,0,0,0
9,BOUNDARY/COMM'L-BDWAY STN/GRANVILLE/ALMA/UBC,Vancouver/UBC,Std. Trolley,All Day Frequent,"118,000","86,000",http://infomaps.translink.ca/Public_Timetables/148/tt009.pdf,400m,10.5,,0,0,0,0,0,0,0,0,0
10,GRANVILLE/DOWNTOWN,Vancouver/UBC,Artic. Trolley,All Day Frequent,"101,000","135,000",http://infomaps.translink.ca/Public_Timetables/148/tt010.pdf,400m,10.5,,0,0,0,0,0,0,0,0,0
14,HASTINGS/UBC,Vancouver/UBC,Std. Trolley,All Day Frequent,"142,000","174,000",http://infomaps.translink.ca/Public_Timetables/148/tt014.pdf,400m,13.2,,"- Fall 2015, Increase freq from 20 to 15m from 2400-2530hr (M-F)",0,,0,0,0,0,0,0
015/050,CAMBIE/OLYMPIC VLG STN ? WATERFRONT STN/FALSE CREEK S,Vancouver/UBC,Std. Bus,Standard,"62,000","50,000",http://infomaps.translink.ca/Public_Timetables/148/tt015.pdf; http://infomaps.translink.ca/Public_Timetables/148/tt050.pdf,400m,6.7, 015/050 run as a connected route ,0,0,0,0,0,0,0,0,0
16,29TH AVE STN/ARBUTUS,Vancouver/UBC,Std. Trolley,All Day Frequent,"158,000","175,000",http://infomaps.translink.ca/Public_Timetables/148/tt016.pdf,400m,17.5,,0,0,0,0,0,0,0,0,0
17,OAK/DOWNTOWN,Vancouver/UBC,Std. Trolley,All Day Frequent,"81,000","122,000",http://infomaps.translink.ca/Public_Timetables/148/tt017.pdf,400m,10.6,,"- Spring 2014, Reduce freq from 10 to 15m 18-20hr & from 15 to 20m 20-22hr (M-F)",0,0,0,0,0,0,0,0
19,METROTOWN STN/STANLEY PARK,Vancouver/UBC,Std. Trolley,All Day Frequent,"140,000","144,000",http://infomaps.translink.ca/Public_Timetables/148/tt019.pdf,400m,13.4,,0,0,0,0,0,0,0,0,0
20,VICTORIA/DOWNTOWN,Vancouver/UBC,Artic. Trolley,All Day Frequent,"96,000","101,000",http://infomaps.translink.ca/Public_Timetables/148/tt020.pdf,400m,9.8,,"- Summer 2018, Improve downtown layover",0,,0,0,0,0,0,0
22,KNIGHT/DOWNTOWN,Vancouver/UBC,Std. Bus,All Day Frequent,"101,000","136,000",http://infomaps.translink.ca/Public_Timetables/148/tt022.pdf,400m,10.4, Data reflects service redesign with 002 in summer 2016 ,"- Summer 2016, Split 022 at Burrard Station; 022 now operates btw downtown and Knight/Marine and rest of route combined with 002","- Summer 2016, reduce service due to efficiencies with split 002/022 schedule (all days)",0,0,0,0,0,0,0
23,MAIN ST STN/YALETOWN/BEACH,Vancouver/UBC,Mini-Bus,All Day Frequent,"75,000","40,000",http://infomaps.translink.ca/Public_Timetables/148/tt023.pdf,400m,5.5, Data reflects service redesign with 005/006 in Dec 2016 ,"- December 2016, Introduce new route btwn Main St Science World Stn and Davie and Denman to replace former C21 and C23","- April 2017, Discontinue short-turn trips btwn Main St and Yaletown; Operate all trips btwn Main St and Davie & Denman (M-F)","- Fall 2018, Increase service 07:30-09:00 from every 7-8 to 6-7 min (M-F), and 09:00-10:00 from every 12 to 10 min (M-F)","- Winter 2018, Increase service 19:00-20:30 from every 12 to 15 min (M-F)",0,0,0,0,0
25,BRENTWOOD STN/UBC,Vancouver/UBC,Std. Bus,All Day Frequent,"96,000","30,000",http://infomaps.translink.ca/Public_Timetables/148/tt025.pdf,400m,22.4,,"- September 2017, Increase service from 5-10 to 4-8m during AM/PM peak (M-F); Increase service from 60 to 30m from 0500-0600, from 12 to 10m from 0800-0900, and from 15 to 12m from 1900-2000 (Sat)","- Fall 2018, Increase service 07:20-08:00 EB and 08:00-09:00 from every 6 to 4 min (M-F)",0,0,0,0,0,0,0
26,JOYCE STN/29TH AVE STN,Vancouver/UBC,Std. Bus,Peak Frequent,"59,000","5,000",http://infomaps.translink.ca/Public_Timetables/148/tt026.pdf,400m,10.7,,"- Summer 2016, Reroute to service Champlain Heights via Tyne and Arlington St",0,,0,0,0,0,0,0
27,KOOTENAY LOOP/JOYCE STN,Vancouver/UBC,Std. Bus,Peak Frequent,"54,000","16,000",http://infomaps.translink.ca/Public_Timetables/148/tt027.pdf,400m,6.1,,0,0,0,0,0,0,0,0,0
28,CAPILANO U/PHIBBS EXCH/JOYCE STN,Burnaby/New Westminster,Std. Bus,Peak Frequent,"58,000","24,000",http://infomaps.translink.ca/Public_Timetables/148/tt028.pdf,400m,12.1,,"- Spring 2014, Reduce freq from 15 to 20m from 9-19hr (Sat); 11-17hr (S/H)","- Winter 2018, Extend 07:20 NB trip to Cap U from Phibbs Exch (M-F)",,,0,0,0,0,0
29,ELLIOTT/29TH AVE STN,Vancouver/UBC,Std. Bus,Peak Frequent,"30,000","2,000",http://infomaps.translink.ca/Public_Timetables/148/tt029.pdf,400m,4.4,,0,0,0,0,0,0,0,0,0
32,DUNBAR/DOWNTOWN,Vancouver/UBC,Std. Bus,Peak Only Limited,"83,000","108,000",http://infomaps.translink.ca/Public_Timetables/148/tt032.pdf,400m,9.9,,0,0,0,0,0,0,0,0,0
33,29TH AVE STN/UBC,Vancouver/UBC,Std. Bus,Peak Frequent,"87,000","11,000",http://infomaps.translink.ca/Public_Timetables/148/tt033.pdf,400m,17.4,,0,0,0,0,0,0,0,0,0
41,JOYCE STN/CROWN/UBC,Vancouver/UBC,Std. Bus,All Day Frequent,"87,000","17,000",http://infomaps.translink.ca/Public_Timetables/148/tt041.pdf,400m,16.1,,"- Summer 2014, Increase freq from 10 to 7.5m 6-11hr (Sat) & 9-18hr (S/H); from 15 to 12m 18-20hr (Sat) & 18-21hr (S/H)","- Summer 2016, Remove one trip per hour from 7-10hr & 16-19hr (M-F)","- Fall 2018, Decrease service 09:00-15:00 from every 6-9 to 7-10 min (M-F)",0,0,0,0,0,0
42,ALMA/SPANISH BANKS,Vancouver/UBC,Mini-Bus,Special,"14,000","3,000",http://infomaps.translink.ca/Public_Timetables/148/tt042.pdf,400m,, Route is summer seasonal only ,"- Spring 2016, Truncate route to Spanish Banks (from UBC); Increase service to every 30 min (Sat & S/H)","- Spring 2018, Change route name from C19 to 42",0,0,0,0,0,0,0
43,JOYCE STN/UBC,Vancouver/UBC,Artic. Bus,Peak Frequent,"71,000","15,000",http://infomaps.translink.ca/Public_Timetables/148/tt043.pdf,400m,18.9,,"- Summer 2016, Add one trip per hour from 7-10hr & 16-19hr (M-F); adjust stopping pattern to improve travel times","- September 2017, Introduce 15m service from 0900-1500 (M-F)","- Fall 2018, Increase service during AM peak from every 8-30 to 7-20 min, 09:00-15:00 from every 15 to 10 min (M-F), and during PM peak from every 10 to 9 min; Introduce new service span 19:00-21:00 running every 15 min, and 21:00-22:00 running every 30 min (M-F)",0,0,0,0,0,0
44,UBC/DOWNTOWN,Vancouver/UBC,Artic. Bus,Peak Frequent,"72,000","119,000",http://infomaps.translink.ca/Public_Timetables/148/tt044.pdf,400m,12,,"- Summer 2018, Remove five stops within downtown to make it express",0,0,0,0,0,0,0,0
49,METROTOWN STN/DUNBAR LOOP/UBC,Vancouver/UBC,Artic. Bus,All Day Frequent,"91,000","24,000",http://infomaps.translink.ca/Public_Timetables/148/tt049.pdf,400m,20.5,,"- Summer 2014, Increase freq from 12 to 10m from 18-21hr & from 30 to 20m from 21-24hr (Sat)","- Winter 2014, Increase freq from 15 to 12m from 8-930hr (Sat)","- Spring 2015, Extend all midday trips to UBC (M-F)","- Summer 2016, Remove Champlain Heights route deviation; revise route to travel on 49th Ave between Kerr and Tyne ","- Fall 2016, Convert vehicle from conventional 40' bus to articulated 60' bus; extend all trips to UBC; reduce frequency to 12m (Sat, S/H); ",   overall increase in capacity,"- September 2017, Increase service from 6-15 to 5-12m from 0600-1900 (M-F); Reroute service near Metrotown single direction around Imperial, Central, and Willingdon",0,0
068/070,UBC EXCH/WEST MALL? WESBROOK MALL,Vancouver/UBC,Mini-Bus,Standard,"16,000","18,000",http://infomaps.translink.ca/Public_Timetables/148/tt068.pdf; http://infomaps.translink.ca/Public_Timetables/148/tt070.pdf,400m,3.7, 068/070 run as a connected loop; Limited data sampling 2015 ,"- Spring 2018, Introduce new routes, route 068 replaces eastern portion of C18 and C20 between UBC Exchange and Thunderbird Blvd/Larkin Dr, route 070 replaces western portion of C18 and C20 between UBC exchange and Thunderbird Blvd/Eagles Dr",0,0,0,0,0,0,0,0
84,UBC/VCC-CLARK STN,Vancouver/UBC,Std. Bus,Peak Frequent,"69,000","44,000",http://infomaps.translink.ca/Public_Timetables/148/tt084.pdf,400m,13.7,,"- September 2017, Increase service from 7-12 to 6-10m during AM/PM peak (M-F)",0,0,0,0,0,0,0,0
95,SFU/BURRARD STN (B-LINE),Burnaby/New Westminster,Artic. Bus,All Day Frequent,"78,000","123,000",http://infomaps.translink.ca/Public_Timetables/148/tt095.pdf,400m,17.8, Data reflects former 135 route up to Dec 2016 ,"- December 2016, Introduce new 5-15m B-Line service with limited stops along former 135 route","- Winter 2017, Extend one morning trip to SFU to close gap with N35 (All days); Increase service 07:00-09:00 from 5-6 to 4.5-5 min, 16:00-19:00 from 7.5-12 to 6-8.5 min, and 19:00-23:00 from 15 to 12 min (M-F); Increase service 16:00-25:00 from 12-20 to 10-15 min (Sat); Increase service 09:00-14:00 from 15 to 12 min (Sun); Introduce all-door boarding",0,0,0,0,0,0,0
96,GUILDFORD EXCH/NEWTON EXCH (B-LINE),South of Fraser,Artic. Bus,All Day Frequent,"57,000","29,000",http://infomaps.translink.ca/Public_Timetables/148/tt096.pdf,400m,10.8,,"- Spring 2014, Convert weekend trips from 60' articulated bus to conventional 40' bus","- Spring 2014, Two bi-directional stops added to improve transfers (King George at 80th Ave & 104th Ave at 140th Ave)","- Summer 2014, Reduce freq from 7.5 to 8m from 7-23hr (M-F, Sat, S/H)","- Winter 2017, Introduce all-door boarding",0,0,0,0,0
99,COMMERCIAL-BROADWAY STN/UBC (B-LINE),Vancouver/UBC,Artic. Bus,All Day Frequent,"97,000","66,000",http://infomaps.translink.ca/Public_Timetables/148/tt099.pdf,400m,14.1,,"- Summer 2014, Increase freq from 10 to 7.5m from 8-9hr, 8-10 to 6m from 9-10hr & 10 to 7.5m from 17-20hr (Sat)","- Summer 2014, Increase freq from 6-8 to 5m btw 18-20hr; from 8-10 to 6m btw 20-21hr; & from 10 to 7-8m from 21-22hr (M-F)","- Winter 2017, Increase service 07:00-11:00 from every 6-12 to 5.5-10 min, 15:00-19:00 from every 6-7.5 to 5.5-7 min, and 22:00-23:00 from every 10 to 8.5 min (Sat); Increase service 07:00-11:00 from every 7.5-15 to 7.5-12 min, and 13:00-19:00 from every 10 to 8.5 min (Sun)",0,0,0,0,0,0
100,22ND ST STN/MARPOLE,Vancouver/UBC,Std. Bus,All Day Frequent,"56,000","16,000",http://infomaps.translink.ca/Public_Timetables/148/tt100.pdf,400m,15.4,,"- Summer 2015, Increase freq from 12 to 10m during AM/PM peak (M-F)","- Fall 2018, Increase service during AM and PM peak from every 9 to 7 min",,,0,0,0,0,0
101,LOUGHEED STN/22ND ST STN,Burnaby/New Westminster,Std. Bus,Standard,"71,000","17,000",http://infomaps.translink.ca/Public_Timetables/148/tt101.pdf,400m,11.3,,0,0,0,0,0,0,0,0,0
103,QUAYSIDE/VICTORIA HILL,Burnaby/New Westminster,Mini-Bus,All Day Frequent,"22,000","7,000",http://infomaps.translink.ca/Public_Timetables/148/tt103.pdf,400m,4.2, Data reflects service redesign in Apr 2016; Previously both C3 and C8 ,"- Spring 2016, Increase freq from 15 to 12m during AM/PM peak btwn New West Stn and Victoria Hill (M-F)","- Spring 2016, Increase freq from 30 to 15m from 7-21hr (Sat) & 8-20hr (S/H) btwn New West Stn and Victoria Hill","- Spring 2016, Discontinue service btwn New West Stn and Quayside after 21hr (all days)","- Spring 2016, Discontinue C8 (Quayside) and merge with C3; revise eastern terminus to Victoria Hill","- April 2017, Extend 30m service to 2400 (all days)","- Winter 2017, Operate route by CMBC (all days)","- Spring 2018, Increase service during AM and PM peaks from every 12 to 10 min (M-F)","- Fall 2018, Change route name from C3 to 103",0
104,22ND ST STN/ANNACIS ISLAND,South of Fraser,Std. Bus,Peak Frequent,"10,000","13,000",http://infomaps.translink.ca/Public_Timetables/148/tt104.pdf,400m,10.5,,"- Spring 2016, Add one bus during AM & PM peak for Pattullo Bridge Rehabilitation (M-F)","- Fall 2016, End of Pattullo Bridge Rehabilitation; return to regular service levels (remove one bus during AM & PM peak)","- Fall 2018, Extend service span so that service is provided until 25:00 instead of 20:00",0,0,0,0,0,0
105,UPTOWN/NEW WEST STN,Burnaby/New Westminster,Mini-Bus,Standard,"32,000","12,000",http://infomaps.translink.ca/Public_Timetables/148/tt105.pdf,400m,6.5,,"- Spring 2016, Revise route to connect to Royal Square via 2nd St, 6th Ave, Cumberland St, and 8th Ave","- April 2017, Extend 30m service to 2400 (all days)","- Winter 2017, Operate route by CMBC (all days)","- Fall 2018, Change route name from C4 to 105",0,0,0,0,0
106,NEW WEST STN/EDMONDS STN,Burnaby/New Westminster,Std. Bus,All Day Frequent,"50,000","14,000",http://infomaps.translink.ca/Public_Timetables/148/tt106.pdf,400m,11.5, Data reflects split with 119 in Dec 2017 ,"- Winter 2017, Former 106 route split at Edmonds Station, this route serves Edmonds Station to New Westminster Station",0,0,0,0,,0,0,0
109,NEW WEST STN/LOUGHEED STN,Burnaby/New Westminster,Mini-Bus,Basic,"39,000","17,000",http://infomaps.translink.ca/Public_Timetables/148/tt109.pdf,400m,7.2,,"- Fall 2014, Reduce freq from 30 to 60m from 5-7hr, 9-15hr, 18-1hr (M-F) & all day (Sat, S/H)","- Spring 2016, Reroute southbound C9 service via Richmond St and Jamieson Ct","- Fall 2016, Temporary reroute to provide coverage on Richmond and Cumberland St until bus-only turn signal is active","- April 2017, Reroute via Cumberland from Columbia","- Fall 2018, Change route name from C9 to 109",0,0,0,0
110,LOUGHEED STN/METROTOWN STN,Burnaby/New Westminster,Std. Bus,Standard,"69,000","29,000",http://infomaps.translink.ca/Public_Timetables/148/tt110.pdf,400m,16.7,,0,0,0,0,0,0,0,0,0
112,EDMONDS STN/NEW WEST STN,Burnaby/New Westminster,Std. Bus,Standard,"91,000","28,000",http://infomaps.translink.ca/Public_Timetables/148/tt112.pdf,400m,5,,0,0,0,0,0,0,0,0,0
116,EDMONDS STN/METROTOWN STN,Burnaby/New Westminster,Std. Bus,Standard,"50,000","28,000",http://infomaps.translink.ca/Public_Timetables/148/tt116.pdf,400m,15,,"- Winter 2014, Reroute service from Byrne Road to eastern portion of North Fraser Way to serve growing business area","- September 2017, Reroute service near Metrotown single direction around Imperial, Central, and Willingdon","- Fall 2018, Increase service during AM peak from every 15-30 to 12-20 min","- Winter 2018, Increase service 15:00-17:00 from every 20 to 15 min (M-F)",0,0,0,0,0
119,EDMONDS STN/METROTOWN STN,Burnaby/New Westminster,Std. Bus,All Day Frequent,"60,000","21,000",http://infomaps.translink.ca/Public_Timetables/148/tt119.pdf,400m,, Data reflects split with 106 in Dec 2017; See 106 for earlier data ,"- Winter 2017, Former 106 route split at Edmonds Station, this route serves Edmonds Station to Metrotown Station","- Spring 2018, Increase service to same levels as prior to 106/119 route split",0,0,0,0,0,0,0
123,NEW WEST STN/BRENTWOOD STN,Burnaby/New Westminster,Std. Bus,All Day Frequent,"53,000","29,000",http://infomaps.translink.ca/Public_Timetables/148/tt123.pdf,400m,10.9,,"- Fall 2018, Increase service during PM peak from every 12 to 10 min",0,,0,0,0,0,0,0
125,PATTERSON STN/BCIT,Burnaby/New Westminster,Std. Bus,Peak Only Limited,"23,000","16,000",http://infomaps.translink.ca/Public_Timetables/148/tt125.pdf,400m,3.7,,0,0,0,0,0,0,0,0,0
128,BRAID STN/22ND STREET STN,Burnaby/New Westminster,Std. Bus,Standard,"26,000","6,000",http://infomaps.translink.ca/Public_Timetables/148/tt128.pdf,400m,7,,"- Winter 2017, Increase service 09:00-15:00 from every 30 to 20 min (M-F)",0,0,,0,0,0,0,0
129/133,PATTERSON STN/HOLDOM STN/EDMONDS STN,Burnaby/New Westminster,Std. Bus,Peak Frequent,"106,000","44,000",http://infomaps.translink.ca/Public_Timetables/148/tt129.pdf; http://infomaps.translink.ca/Public_Timetables/148/tt133.pdf,400m,20.4, 129/133 run as a connected route ,"- Spring 2014, Reduce freq from 12 to 15m during AM/PM peak (M-F)","- Summer 2015, Revise western terminus from Metrotown Station to Patterson Station for station upgrades","- Spring 2018, Former 129 route split at Holdom Station, route 129 serves Holdom Station to Patterson Station, route 133 serves Holdom Station to Edmonds Station
- Route 129: Extend first trip on Saturdays and first two trips on Sundays to start at Metrotown instead of Patterson",0,0,0,0,0,0
130,METROTOWN STN/KOOTENAY/PHIBBS EXCH/CAPILANO U,Burnaby/New Westminster,Std. Bus,All Day Frequent,"70,000","36,000",http://infomaps.translink.ca/Public_Timetables/148/tt130.pdf,400m,9.3,,"- Spring 2014, Reduce freq from 15 to 30m from 22hr to end of service (M-F); last Metrotown departure adjusted to meet SkyTrain","- September 2017, Increase service from 7-8 to 6-7m during AM/PM peak (M-F); Increase service from 15-20 to 12-15m from 1800-2200 (Sat)","- Winter 2017, Increase service 21:00-22:00 from every 20 to 15 min (Sat)",0,0,0,0,0,0
131,HASTINGS AT GILMORE/KOOTENAY LOOP,Burnaby/New Westminster,Mini-Bus,Basic,"15,000","3,000",http://infomaps.translink.ca/Public_Timetables/148/tt131.pdf,400m,4.5,,"- Spring 2018, Change route name from C1 to 131",0,,0,0,0,0,0,0
132,CAPITOL HILL/HASTINGS AT GILMORE,Burnaby/New Westminster,Mini-Bus,Basic,"13,000","3,000",http://infomaps.translink.ca/Public_Timetables/148/tt132.pdf,400m,3.7,,"- Spring 2018, Change route name from C2 to 132",0,0,0,0,0,0,0,0
134,LAKE CITY STN/BRENTWOOD STN,Burnaby/New Westminster,Std. Bus,Standard,"37,000","10,000",http://infomaps.translink.ca/Public_Timetables/148/tt134.pdf,400m,12.1,,0,0,0,0,0,0,0,0,0
136,LOUGHEED STN/BRENTWOOD STN,Burnaby/New Westminster,Std. Bus,Standard,"48,000","17,000",http://infomaps.translink.ca/Public_Timetables/148/tt136.pdf,400m,13.7,,0,0,0,0,0,0,0,0,0
143,BURQUITLAM STN/SFU,Northeast Sector,Artic. Bus,Peak Frequent,"20,000","3,000",http://infomaps.translink.ca/Public_Timetables/148/tt143.pdf,400m,7, Data reflects Evergreen Extension changes in Dec 2016 ,"- Fall 2014, Increase freq from 20 to 15m from 10-11hr (M-F)","- December 2016, Reroute due to Evergreen Extension; Maintain service btwn Burquitlam Stn and SFU; Discontinue segment btwn Burquitlam Stn and Coquitlam Central Stn to be served by 151",0,0,0,0,0,0,0
144,SFU/METROTOWN STN,Burnaby/New Westminster,Std. Bus,Peak Frequent,"55,000","20,000",http://infomaps.translink.ca/Public_Timetables/148/tt144.pdf,400m,17.9,,0,0,0,0,0,0,0,0,0
145,SFU/PRODUCTION STN,Burnaby/New Westminster,Artic. Bus,All Day Frequent,"7,000","5,000",http://infomaps.translink.ca/Public_Timetables/148/tt145.pdf,400m,8,,"- Fall 2018, Decrease service 07:00-11:00 from every 3-6 to 4-5 min, and increase service 11:00-16:00 from every 8 to 6-7 min (M-F); All-door boarding introduced at SFU tunnel",0,0,0,0,0,0,0,0
146,METROTOWN STN/SUNCREST,Burnaby/New Westminster,Mini-Bus,Standard,"30,000","14,000",http://infomaps.translink.ca/Public_Timetables/148/tt146.pdf,400m,3.1, Limited data sampling 2015 ,"- Fall 2018, Change route name from C6 to 146",0,0,0,0,0,0,0,0
147,METROTOWN STN/EDMONDS STN,Burnaby/New Westminster,Mini-Bus,Peak Frequent,"53,000","17,000",http://infomaps.translink.ca/Public_Timetables/148/tt147.pdf,400m,6.6, Limited data sampling 2015 ,"- Winter 2017, Increase service 06:00-08:30 EB from every 30 to 15 min (M-F)","- Fall 2018, Change route name from C7 to 147",0,0,0,0,0,0,0
148,ROYAL OAK STN/EDMONDS STN,Burnaby/New Westminster,Mini-Bus,Peak Frequent,"34,000","8,000",http://infomaps.translink.ca/Public_Timetables/148/tt148.pdf,400m,6.2, Limited data sampling 2015 ,"- Winter 2017, Increase service 06:00-09:00 EB from every 30 to 15 min (M-F)","- Fall 2018, Change route name from C5 to 148",0,0,0,0,0,0,0
150,COQUITLAM CENTRAL STN/WHITE PINE BEACH,Northeast Sector,Std. Bus,Special,"22,000","10,000",http://infomaps.translink.ca/Public_Timetables/148/tt150.pdf,400m,, Route is summer seasonal only; No data 2014-2016; Low data sampling on Saturdays 2018 ,0,0,0,0,0,0,0,,
151,COQUITLAM CENTRAL STN/BURQUITLAM STN,Northeast Sector,Std. Bus,Standard,"44,000","15,000",http://infomaps.translink.ca/Public_Timetables/148/tt151.pdf,400m,8.9, Data reflects Evergreen Extension changes in Dec 2016 ,"- December 2016, Reroute due to Evergreen Extension; Reroute btwn Burquitlam Stn and Coquitlam Central Stn via Como Lake Ave to serve discontinued 143 segment; Discontinue service south of Como Lake Ave to be served by 157",,0,0,0,0,0,0,0
152,COQUITLAM CENTRAL STN/LOUGHEED STN,Northeast Sector,Std. Bus,Peak Frequent,"47,000","16,000",http://infomaps.translink.ca/Public_Timetables/148/tt152.pdf,400m,11.9,,0,0,0,0,0,0,0,0,0
153,COQUITLAM CENTRAL STN/BRAID STN,Northeast Sector,Std. Bus,Peak Frequent,"30,000","13,000",http://infomaps.translink.ca/Public_Timetables/148/tt153.pdf,400m,11.5, Data reflects Evergreen Extension changes in Dec 2016 ,"- December 2016, Reroute due to Evergreen Extension; Extend terminus from Poirier Community Centre to Coquitlam Central Stn","- April 2017, Increase service from 30 to 15m during AM/PM peak (M-F)","- Fall 2018, Route converted from community shuttle to conventional bus",0,0,0,0,0,0
155,BRAID STN/22ND STREET STN,Burnaby/New Westminster,Std. Bus,Standard,"31,000","14,000",http://infomaps.translink.ca/Public_Timetables/148/tt155.pdf,400m,7.5,,0,0,0,0,0,0,0,0,0
156,BRAID STN/LOUGHEED STN,Northeast Sector,Std. Bus,Basic,"51,000","11,000",http://infomaps.translink.ca/Public_Timetables/148/tt156.pdf,400m,15,,"- December 2016, Revise due to Evergreen Extension; Add additional stop at new Burquitlam Stn",0,0,0,0,0,0,0,0
157,BURQUITLAM STN/LOUGHEED STN,Northeast Sector,Mini-Bus,Standard,"43,000","8,000",http://infomaps.translink.ca/Public_Timetables/148/tt157.pdf,400m,10.9, Data reflects Evergreen Extension changes in Dec 2016 ,"- December 2016, Reroute due to Evergreen Extension; Extend terminus from Winslow Ave to Burquitlam Stn via  Foster Ave and Cottonwood Ave to serve discontinued 151 route",0,0,0,0,0,0,0,0
159,COQUITLAM CENTRAL STN/BRAID STN,Northeast Sector,Std. Bus,Basic,"33,000","27,000",http://infomaps.translink.ca/Public_Timetables/148/tt159.pdf,400m,18.3, Data reflects Evergreen Extension changes in Dec 2016 ,"- December 2016, Revise due to Evergreen Extension; Run all trips via Pitt River Rd; Discontinue alternate pattern via Meridian Industrial to be served by 175","- September 2017, Extend service to Coquitlam Central Stn from Port Coquitlam Stn","- Fall 2018, Extend trips at WCE times into Port Coquitlam Stn (M-F)",0,0,0,0,0,0
160,PORT COQUITLAM STN/KOOTENAY LOOP,Northeast Sector,Std. Bus,All Day Frequent,"78,000","25,000",http://infomaps.translink.ca/Public_Timetables/148/tt160.pdf,400m,25.7, Data reflects Evergreen Extension changes in Dec 2016 ,"- December 2016, Reroute due to Evergreen Extension; Shorten WB terminus from Burrard Stn to Kootenay Loop; Run all trips via Guildford Way pattern and discontinue pattern via Barnet Hwy to be served by 184 and 185","- June 2017, Increase service to 15m from 0600-2100 M-F, 0700-2100 Sat, 0800-2100 S/H, to make part of FTN",0,0,0,0,0,0,0
169,COQUITLAM CENTRAL STN/BRAID STN,Northeast Sector,Mini-Bus,Standard,"16,000","15,000",http://infomaps.translink.ca/Public_Timetables/148/tt169.pdf,400m,11.3, Data reflects Evergreen Extension changes in Dec 2016 ,"- December 2016, Reroute due to Evergreen Extension; Run all trips via Riverview Hospital Grounds pattern and discontinue pattern via Lougheed Hwy","- Fall 2018, Route converted from conventional bus to community shuttle (M-F)",0,0,0,0,0,0,0
170,PORT COQUITLAM STN/PORT COQUITLAM SOUTH,Northeast Sector,Mini-Bus,Peak Frequent,"16,000","5,000",http://infomaps.translink.ca/Public_Timetables/148/tt170.pdf,400m,4.1,,"- December 2016, Revise due to Evergreen Extension; Renumber former C36 as new 170",0,0,0,0,0,0,0,0
171/172,COQUITLAM CENTRAL STN/FREMONT?RIVERSIDE,Northeast Sector,Mini-Bus,Basic,"32,000","14,000",http://infomaps.translink.ca/Public_Timetables/148/tt171.pdf; http://infomaps.translink.ca/Public_Timetables/148/tt172.pdf,,, 171/172 run as a connected route; Data reflects Evergreen changes in Dec 2016 ,"- December 2016, Reroute due to Evergreen Extension; Reroute southern portion of former C37 as new 171 via Lougheed Hwy btwn Coquitlam Central Stn and Fremont Village","- December 2016, Reroute due to Evergreen Extension; Reroute northern portion of former C37 as new 172 via Shaughnessy and Prairie btwn Coquitlam Central Stn and Fremont Village","- June 2017, Increase service from 2 trips/hr to 4 trips/hr during AM/PM peak (M-F)","- June 2017, Increase service from 2 trips/hr to 4 trips/hr during AM/PM peak (M-F)",0,0,0,0,0
173/174,COQUITLAM CENTRAL STN/CEDAR?ROCKLIN,Northeast Sector,Mini-Bus,Basic,"42,000","15,000",http://infomaps.translink.ca/Public_Timetables/148/tt173.pdf; http://infomaps.translink.ca/Public_Timetables/148/tt174.pdf,,, 173/174 run as a connected route; Data reflects Evergreen changes in Dec 2016 ,"- December 2016, Reroute due to Evergreen Extension; Reroute southern portion of former C38 as new 173 btwn Coquitlam Central Stn and Cedar Dr","- December 2016, Reroute due to Evergreen Extension; Reroute northern portion of former C38 as new 174 btwn Coquitlam Central Stn and Rocklin Dr","- June 2017, Increase service from 2 trips/hr to 4 trips/hr during AM/PM peak (M-F)",0,0,0,0,0,0
175,COQUITLAM CENTRAL STN/MERIDIAN,Northeast Sector,Mini-Bus,Peak Only Limited,"22,000","19,000",http://infomaps.translink.ca/Public_Timetables/148/tt175.pdf,400m,7.9, Data reflects Evergreen Extension changes in Dec 2016; Low data sampling 2016 ,"- December 2016, Reroute due to Evergreen Extension; Extend WB terminus of former C40 as new 175 from Port Coquitlam Stn to Coquitlam Central Stn",0,0,0,0,0,0,0,0
179,COQUITLAM CENTRAL STN/BUNTZEN LAKE,Northeast Sector,Mini-Bus,Special,"20,000","10,000",http://infomaps.translink.ca/Public_Timetables/148/tt179.pdf,,, This route is summer seasonal only; Data reflects Evergreen changes in Dec 2016 ,0,0,0,0,0,0,0,0,0
180,MOODY CENTRE STN/LOUGHEED STN,Northeast Sector,Mini-Bus,Peak Frequent,"36,000","8,000",http://infomaps.translink.ca/Public_Timetables/148/tt180.pdf,400m,9.6,,"- December 2016, Revise due to Evergreen Extension; Renumber former C24 as new 180; Convert peak trips to standard buses (M-F)","- April 2017, Increase service from 30 to 15m from 0900-1500 (M-F)","- June 2017, Increase service from 30 to 20m from 1900-2100 (M-F); Increase service from 30 to 20m from 1100-1800 and from 60 to 30m from 2100-2400 (Sat; S/H)",0,0,0,0,0,0
181,MOODY CENTRE STN/IOCO,Northeast Sector,Mini-Bus,Basic,"13,000","4,000",http://infomaps.translink.ca/Public_Timetables/148/tt181.pdf,400m,8.3,,"- December 2016, Revise due to Evergreen Extension; Renumber former C25 as new 181","Fall 2018, Increase service during midday from every 60 to 40 min during midday (M-F)",0,0,0,0,0,0,0
182,MOODY CENTRE STN/BELCARRA,Northeast Sector,Mini-Bus,Basic,"17,000","5,000",http://infomaps.translink.ca/Public_Timetables/148/tt182.pdf,400m,19.5, Data reflects Evergreen Extension changes in Dec 2016 ,"- December 2016, Reroute due to Evergreen Extension; Renumber former C26 as new 182; Run all trips via Ravine Dr pattern and discontinue Heritage Mountain Blvd pattern","- April 2017, Increase service from 60 to 30m from 0900-1500 (M-F)",0,0,0,0,0,0,0
183,MOODY CENTRE STN/COQUITLAM CENTRAL STN,Northeast Sector,Std. Bus,Peak Frequent,"50,000","15,000",http://infomaps.translink.ca/Public_Timetables/148/tt183.pdf,400m,13.3, Data reflects Evergreen Extension changes in Dec 2016 ,"- December 2016, Reroute due to Evergreen Extension; Reroute former C27 as new 183 via Pinetree Way and discontinue routing via Landsdowne Dr and Guildford Way to be served by 185","- June 2017, Increase service from 20 to 15m during AM/PM peak to meet WCE (M-F)","- Winter 2017, Route converted from conventional bus to community shuttle before 06:00 and after 20:00 (M-F), and after 20:00 (Sat-Sun)",0,0,0,0,0,0
184/185,MOODY CTR STN/NOONS CREEK ? COQ CTRL STN/LANSDOWNE,Northeast Sector,Mini-Bus,Peak Frequent,"31,000","13,000",http://infomaps.translink.ca/Public_Timetables/148/tt184.pdf; http://infomaps.translink.ca/Public_Timetables/148/tt185.pdf,,, 184/185 run as a connected route; Data reflects Evergreen changes in Dec 2016 ,"- December 2016, Reroute due to Evergreen Extension; Reroute western portion of former C28 as new 184 via Noons Creek Dr","- December 2016, Reroute due to Evergreen Extension; Reroute central portion of former C28 as new 185 via Landsdowne Dr to service discontinued portion of C27","- April 2017, Extend WB AM service to meet 0615 WCE train (M-F)",0,0,0,0,0,0
186,COQUITLAM CENTRAL STN/HAMPTON PARK,Northeast Sector,Mini-Bus,Peak Frequent,"32,000","10,000",http://infomaps.translink.ca/Public_Timetables/148/tt186.pdf,400m,6.4, Data reflects Evergreen Extension changes in Dec 2016 ,"- December 2016, Reroute due to Evergreen Extension; Reroute eastern portion of former C28 as new 186 btwn Coquitlam Central Stn and Hampton Park","- June 2017, Introduce short-turn trips at Pipeline and Robson during AM/PM peak to meet WCE (M-F)",0,0,0,0,0,0,0
187,COQUITLAM CENTRAL STN/PARKWAY BLVD,Northeast Sector,Mini-Bus,Peak Frequent,"25,000","9,000",http://infomaps.translink.ca/Public_Timetables/148/tt187.pdf,400m,6.1,,"- December 2016, Revise due to Evergreen Extension; Renumber former C29 as new 187","- June 2017, Introduce short-turn trips at Robson and Waterford during AM/PM peak to meet WCE (M-F)",0,0,0,0,0,0,0
188,COQUITLAM CENTRAL STN/PORT COQ STN,Northeast Sector,Std. Bus,Peak Frequent,"52,000","16,000",http://infomaps.translink.ca/Public_Timetables/148/tt188.pdf,400m,12.6,,"- Spring 2014, Remove off peak routing along Shaughnessy/Wilson/Mary Hill for all day route consistency & to improve reliability","- Winter 2014, Convert vehicle from mini-bus to conventional 40' bus during midday (M-F)","- December 2016, Revise due to Evergreen Extension; Convert all buses to standards (all days)",0,0,0,0,0,0
189,COQUITLAM CENTRAL STN/LAFARGE PARK,Northeast Sector,Mini-Bus,Standard,"18,000","8,000",http://infomaps.translink.ca/Public_Timetables/148/tt189.pdf,400m,4.1,,"- December 2016, Reroute due to Evergreen Extension; Reroute former C30 as new 189 via Lincoln Ave and discontinue route via Glen Dr",0,0,0,0,0,0,0,0
191,COQUITLAM CENTRAL STN/PRINCETON,Northeast Sector,Std. Bus,Standard,"33,000","9,000",http://infomaps.translink.ca/Public_Timetables/148/tt191.pdf,400m,7.2, New route to Burke Mountain Dec 2016 ,"- December 2016, Introduce new 30m service btwn Coquitlam Central Stn and Burke Mountain via Pinetree Way and David Ave",0,0,0,0,0,0,0,0
209,UPPER LYNN VALLEY/VANCOUVER,North Shore,Std. Bus,Special,"75,000","128,000",http://infomaps.translink.ca/Public_Timetables/148/tt209.pdf,400m,16.5,,"- Summer 2014, Operate last 210 PM trip (leaving Underwood and Dempsey) as 209 (all days)","- Fall 2014, Reduce freq from 30 to 60m from 24-26hr (S/H) ",0,0,0,0,0,0,0
210,UPPER LYNN VALLEY/VANCOUVER,North Shore,Std. Bus,Peak Frequent,"71,000","123,000",http://infomaps.translink.ca/Public_Timetables/148/tt210.pdf,400m,16.5,,"- Summer 2014, Operate last 210 PM trip (leaving Underwood and Dempsey) as 209 (all days)",0,0,0,0,0,0,0,0
211,SEYMOUR/PHIBBS EXCH/VANCOUVER,North Shore,Std. Bus,Peak Frequent,"65,000","123,000",http://infomaps.translink.ca/Public_Timetables/148/tt211.pdf,400m,16,,0,0,,0,0,0,0,0,0
212,DEEP COVE/PHIBBS EXCH,North Shore,Std. Bus,Standard,"11,000","6,000",http://infomaps.translink.ca/Public_Timetables/148/tt212.pdf,400m,8.8,,0,0,0,0,0,0,0,0,0
214,BLUERIDGE/PHIBBS EXCH/VANCOUVER,North Shore,Mini-Bus,Standard,"59,000","122,000",http://infomaps.translink.ca/Public_Timetables/148/tt214.pdf,400m,6.9,,"- Fall 2014, Reduce freq from 20 to 30m from 6-7hr & 15-19hr (M-F)",0,0,0,0,0,0,0,0
215,INDIAN RIVER/PHIBBS EXCH,North Shore,Mini-Bus,Peak Frequent,"11,000","6,000",http://infomaps.translink.ca/Public_Timetables/148/tt215.pdf,400m,7.1, Limited data sampling 2015 ,"- Fall 2014, Discontinue route extension to/from Deep Cove","- Fall 2014, Increase freq from 60 to 30m early morning/evening periods (Sat, S/H)","- Spring 2018, Change route name from C15 to 215",0,0,0,0,0,0
227,LYNN VALLEY CENTRE/PHIBBS EXCH,North Shore,Mini-Bus,Standard,"14,000","6,000",http://infomaps.translink.ca/Public_Timetables/148/tt227.pdf,400m,7.1, Limited data sampling 2015 ,0,0,0,0,0,0,0,0,0
228,LYNN VALLEY/LONSDALE QUAY,North Shore,Std. Bus,Peak Frequent,"34,000","8,000",http://infomaps.translink.ca/Public_Timetables/148/tt228.pdf,400m,7.8,,"- Winter 2018, Extend 07:15 SB trip from Grand Boulevard to Lonsdale Quay (M-F)",0,0,0,0,0,0,0,0
229,LYNN VALLEY/LONSDALE QUAY,North Shore,Std. Bus,Standard,"42,000","14,000",http://infomaps.translink.ca/Public_Timetables/148/tt229.pdf,400m,6.2,,"- Spring 2018, Increase service 13:00-20:00 from every 30 to 20 min (Sat), and 21:00-24:00 from every 60 to 30 min (Sat); Increase service 14:00-20:00 from every 30 to 20 min (Sun), and 21:00-24:00 from every 60 to 30 min (Sun)","- Fall 2018, Increase service 14:00-16:00 from every 30 to 20 min, 16:00-18:00 from every 30 to 15 min, and 21:00-24:00 from every 60 to 30 min (M-F)",0,0,0,0,0,0,0
230,UPPER LONSDALE/LONSDALE QUAY,North Shore,Std. Bus,Standard,"38,000","12,000",http://infomaps.translink.ca/Public_Timetables/148/tt230.pdf,400m,5.7,,"- Spring 2014, Convert three inbound ""NIS"" trips to revenue trips & adjust departures for consistent 15m freq during PM peak (M-F)",0,0,0,0,0,0,0,0
231,HARBOURSIDE/LONSDALE QUAY,North Shore,Std. Bus,Peak Only Limited,"14,000","10,000",http://infomaps.translink.ca/Public_Timetables/148/tt231.pdf,400m,2.8,,"- Spring 2014, Reduce AM peak freq from 20 to 30m (M-F); adjust departures to enhance connections with SeaBus",0,0,0,0,0,0,0,0
232,GROUSE MOUNTAIN/PHIBBS EXCH,North Shore,Std. Bus,Standard,"44,000","14,000",http://infomaps.translink.ca/Public_Timetables/148/tt232.pdf,400m,13.3,,0,0,0,0,0,0,0,0,0
236,GROUSE MOUNTAIN/LONSDALE QUAY,North Shore,Std. Bus,Standard,"24,000","12,000",http://infomaps.translink.ca/Public_Timetables/148/tt236.pdf,400m,9.6,,"- Fall 2014, Reduce freq from 15 to 30m from 9-15hr (M-F)",0,0,0,0,0,0,0,0
239,CAPILANO UNIVERSITY/PARK ROYAL,North Shore,Std. Bus,All Day Frequent,"37,000","24,000",http://infomaps.translink.ca/Public_Timetables/148/tt239.pdf,400m,13.2,,"- Spring 2014, Stop number 61772 converted to unload-only (Marine Drive at Park Royal)","- Fall 2018, Reroute trips after 13:00 to run on Lillooet Rd instead of Old Lillooet Rd",0,0,0,0,0,0,0
240,15TH STREET/VANCOUVER,North Shore,Std. Bus,All Day Frequent,"86,000","134,000",http://infomaps.translink.ca/Public_Timetables/148/tt240.pdf,400m,12.5,,"- September 2017, Increase service from 9-15 to 8-12m during AM peak and from 10 to 9m during PM peak (M-F); Increase service from 12 to 10 min from 1300-1800 (Sat)",0,,0,0,0,0,0,0
241,UPPER LONSDALE/VANCOUVER,North Shore,Std. Bus,Peak Only Limited,"92,000","135,000",http://infomaps.translink.ca/Public_Timetables/148/tt241.pdf,400m,11.7,,0,0,0,0,0,0,0,0,0
242,LYNN VALLEY/VANCOUVER,North Shore,Std. Bus,Special,"114,000","143,000",http://infomaps.translink.ca/Public_Timetables/148/tt242.pdf,400m,13.1,,"- Summer 2016, Revise northern terminus from Upper Lonsdale to Lynn Valley to match N24 routing",0,0,0,0,0,0,0,0
246,LONSDALE QUAY/HIGHLAND/VANCOUVER,North Shore,Std. Bus,Peak Frequent,"100,000","133,000",http://infomaps.translink.ca/Public_Timetables/148/tt246.pdf,400m,9.4,,0,0,0,0,0,0,0,0,0
247,UPPER CAPILANO/GROUSE MOUNTAIN/VANCOUVER,North Shore,Std. Bus,Peak Only Limited,"76,000","123,000",http://infomaps.translink.ca/Public_Timetables/148/tt247.pdf,400m,10.9, Low data sampling 2014-2015 ,"- Winter 2018, Extend 16:05 NB trip from Montroyal Blvd to Grouse Mtn (M-F)",0,0,0,0,0,0,0,0
250,HORSESHOE BAY/DUNDARAVE/VANCOUVER,North Shore,Std. Bus,All Day Frequent,"75,000","121,000",http://infomaps.translink.ca/Public_Timetables/148/tt250.pdf,400m,15.2, No data sampling 2014 ,"- April 2017, Increase service by one trip per hr from 9-30 to 8-15m from 0800-2300 btwn Dundarave and Downtown Vancouver (Sat)",0,0,0,0,0,0,0,0
251,QUEENS/PARK ROYAL,North Shore,Mini-Bus,Basic,"16,000","9,000",http://infomaps.translink.ca/Public_Timetables/148/tt251.pdf,400m,9.8, No data sampling 2014; Limited data sampling 2015 ,0,0,0,0,0,0,0,0,0
252,INGLEWOOD/PARK ROYAL,North Shore,Mini-Bus,Basic,"16,000","9,000",http://infomaps.translink.ca/Public_Timetables/148/tt252.pdf,400m,6.6, No data sampling 2014; Limited data sampling 2015 ,0,0,0,0,0,0,0,0,0
253,CAULFEILD/VANCOUVER/PARK ROYAL,North Shore,Std. Bus,Basic,"75,000","121,000",http://infomaps.translink.ca/Public_Timetables/148/tt253.pdf,400m,13.5, No data sampling 2014; Low data sampling 2016 ,"- April 2017, Increase service from 120 to 60m all day (S/H)",0,0,0,0,0,0,0,0
254,BRITISH PROPERTIES/PARK ROYAL/VANCOUVER,North Shore,Std. Bus,Basic,"72,000","119,000",http://infomaps.translink.ca/Public_Timetables/148/tt254.pdf,400m,10, No data sampling 2014; Low data sampling 2016 ,"- April 2017, Increase service from 120 to 60m all day (S/H)",0,0,0,0,0,0,0,0
255,DUNDARAVE/CAPILANO UNIVERSITY,North Shore,Std. Bus,Peak Frequent,"52,000","25,000",http://infomaps.translink.ca/Public_Timetables/148/tt255.pdf,400m,16.5, No data sampling 2014 ,"- April 2017, Increase service from 30 to 20m during AM/PM peak (M-F)",0,0,0,0,0,0,0,0
256,FOLKSTONE WAY/WHITBY ESTATE/SPURAWAY,North Shore,Mini-Bus,Basic,"17,000","9,000",http://infomaps.translink.ca/Public_Timetables/148/tt256.pdf,400m,7.9, No data sampling 2014; Limited data sampling 2015 ,0,0,0,0,0,0,0,0,0
257,HORSESHOE BAY/VANCOUVER EXPRESS,North Shore,Artic. Bus,Standard,"55,000","116,000",http://infomaps.translink.ca/Public_Timetables/148/tt257.pdf,400m,21.8, No data sampling 2014 ,"- Summer 2016, Adjust stopping pattern to improve travel time","- June 2017, Increase service from 15-30 to 15-20m from 0900-1200 and 1600-1900 (M-F); Add 1 trip/hr during busy periods (Sat; S/H)","- Fall 2018, Introduce new service span 05:50-06:20 and 23:00-23:20 (All days); Provide consistent 20 min service from 07:00-20:00 (All days)",0,0,0,0,0,0
258,UBC/WEST VANCOUVER,North Shore,Std. Bus,Peak Only Limited,"23,000","34,000",http://infomaps.translink.ca/Public_Timetables/148/tt258.pdf,400m,18.8, No data sampling 2014; Low data sampling 2016-2018 ,0,0,0,0,0,0,0,0,0
259,LIONS BAY/HORSESHOE BAY,North Shore,Std. Bus,Peak Only Limited,"2,000",500,http://infomaps.translink.ca/Public_Timetables/148/tt259.pdf,400m,16.5, Route combined with 262 in Oct 2018; See 262 for latest data; No data sampling 2014; Low data sampling 2015-2018 ,"- Fall 2018, Remove interline with 257",0,0,0,0,0,0,0,0
262,LIONS BAY/CAULFEILD,North Shore,Mini-Bus,Basic,"3,000","1,000",http://infomaps.translink.ca/Public_Timetables/148/tt262.pdf,400m,17.9, Route combined with 259 in Oct 2018; Data reflects both starting Sep 2018; No data sampling 2014; Limited data sampling 2015 ,"- Spring 2018, Change route name from C12 to 262","- Winter 2018, Convert 259 trips to 262 schedule (M-F); 259 discontinued (M-F)",0,0,0,0,0,0,0
280,BLUEWATER/SNUG COVE,North Shore,Mini-Bus,Basic,500,500,http://infomaps.translink.ca/Public_Timetables/148/tt280.pdf,400m,12.5, No data sampling 2014-2017 ,"- April 2017, Extend WB service to 2000 (M-F)","- Spring 2018, Change route name from C10 to 280",0,0,0,0,0,0,0
281,EAGLE CLIFF/SNUG COVE,North Shore,Mini-Bus,Basic,"1,000",300,http://infomaps.translink.ca/Public_Timetables/148/tt281.pdf,400m,6.6, Data reflects split with 282 in summer 2018; No data sampling 2014-2017 ,"- April 2017, Extend WB service to 2000 (M-F)","- Spring 2018, Change route name from C11 to 281",0,0,0,0,0,0,0
282,MT GARDNER/SNUG COVE,North Shore,Mini-Bus,Special,400,400,http://infomaps.translink.ca/Public_Timetables/148/tt282.pdf,400m,, Data reflects split with 281 in summer 2018; See 281 for earlier data ,"- Fall 2018, Introduce new route, replaces Mt Gardner pattern of route 281 (Sat-Sun)",0,0,0,0,0,0,,
301,NEWTON EXCH/BRIGHOUSE STN,Richmond,Std. Bus,Basic,"71,000","24,000",http://infomaps.translink.ca/Public_Timetables/148/tt301.pdf,400m,30.8,,"- April 2017, Increase service from 20 to 15m during AM/PM peak (M-F)",0,0,0,0,0,0,0,0
310,SCOTTSDALE EXCH/LADNER EXCH,South of Fraser,Mini-Bus,Basic,"26,000","6,000",http://infomaps.translink.ca/Public_Timetables/148/tt310.pdf,400m,19.5,,"- Summer 2018, Change route name from C76 to 310","- Winter 2018, Increase service 07:40-08:40 WB from every 60 to 30 min (Sat; Sun)",0,0,0,0,0,0,0
311,SCOTTSDALE EXCH/BRIDGEPORT STN,South of Fraser,Std. Bus,Peak Only Limited,"20,000","7,000",http://infomaps.translink.ca/Public_Timetables/148/tt311.pdf,400m,26.9,,"- Summer 2014, Reduce freq from 15 to 20m from 6-7h & 15-17hr; from 12 to 15m from 7-8hr (M-F)",0,0,0,0,0,0,0,0
312,SCOTTSDALE EXCH/SCOTT ROAD STN,South of Fraser,Std. Bus,Standard,"35,000","6,000",http://infomaps.translink.ca/Public_Timetables/148/tt312.pdf,400m,11.9,,"- Winter 2018, Add last SB trip at 01:34 (M-F)",0,0,0,0,0,0,0,0
314,SURREY CENTRAL STN/SUNBURY,South of Fraser,Std. Bus,Basic,"58,000","18,000",http://infomaps.translink.ca/Public_Timetables/148/tt314.pdf,400m,9.2,,0,0,0,0,0,0,0,0,0
316,SURREY CENTRAL STN/SCOTTSDALE EXCH,South of Fraser,Std. Bus,Basic,"54,000","12,000",http://infomaps.translink.ca/Public_Timetables/148/tt316.pdf,400m,11.6,,0,0,0,0,0,0,0,0,0
319,SCOTT ROAD STN/NEWTON EXCH,South of Fraser,Std. Bus,All Day Frequent,"48,000","15,000",http://infomaps.translink.ca/Public_Timetables/148/tt319.pdf,400m,12,,"- Fall 2014, Increase freq from 15 to 10m btw 18-21hr & from 30 to 20m btw 23-24hr (M-F)","- April 2017, Increase service from 8 to 7m during AM/PM peak; from 10 to 9m from 1700-2100; from 20 to 15m from 2100-2400 (M-F)","- Winter 2017, Increase service 06:00-07:00 NB from every 20 to 15 min (Sat)","- Summer 2018, Increase service 17:00-23:00 from every 8-20 to 7-15 min (M-F)","- Fall 2018, Increase service 17:00-25:00 from every 15-30 to 12-20 min (Sat)","- Winter 2018, Add first NB trip at 04:33 (M-F); Increase service 05:00-07:30 from every 10-20 to 12 min (Sat)",0,0,0
320,LANGLEY/FLEETWOOD/SURREY CTRL STN,South of Fraser,Std. Bus,All Day Frequent,"85,000","39,000",http://infomaps.translink.ca/Public_Timetables/148/tt320.pdf,400m,15.6,,"- Fall 2016, Reroute via from 64th Ave to 60th Ave near Cloverdale","- Fall 2018, Increase service 06:00-08:00 and 16:00-19:00 from every 15 to 12 min (M-F)",0,0,0,0,0,0,0
321,WHITE ROCK CENTRE/NEWTON EXCH/SURREY CTRL STN,South of Fraser,Std. Bus,All Day Frequent,"102,000","39,000",http://infomaps.translink.ca/Public_Timetables/148/tt321.pdf,400m,21,,"- Fall 2018, Increase service 16:00-18:00 from every 15 to 12 min (M-F)",0,0,0,0,0,0,0,0
322,NEWTON EXCH/SCOTTSDALE EXCH,South of Fraser,Mini-Bus,Standard,"55,000","9,000",http://infomaps.translink.ca/Public_Timetables/148/tt322.pdf,400m,14.7,,"- Summer 2018, Change route name from C75 to 322",0,0,0,0,0,0,0,0
323,NEWTON EXCH/SURREY CENTRAL STN,South of Fraser,Std. Bus,Peak Frequent,"44,000","23,000",http://infomaps.translink.ca/Public_Timetables/148/tt323.pdf,400m,10.3,,"- Winter 2017, Increase service 08:00-09:00 SB from every 15 to 12 min (M-F)","- Fall 2018, Increase service 06:00-08:00 from every 20 to 15 min, 16:00-19:00 from every 15 to 12 min, and 19:00-20:00 from every 30 to 20 min (M-F)",,,0,0,0,0,0
324,NEWTON EXCH/SURREY CENTRAL STN,South of Fraser,Std. Bus,Standard,"46,000","18,000",http://infomaps.translink.ca/Public_Timetables/148/tt324.pdf,400m,9.8,,0,0,0,0,0,0,0,0,0
325,NEWTON EXCH/SURREY CENTRAL STN,South of Fraser,Std. Bus,Standard,"43,000","14,000",http://infomaps.translink.ca/Public_Timetables/148/tt325.pdf,400m,7.5,,"- Winter 2018, Add first trip at 05:35 (M-F)",,0,0,0,0,0,0,0
326,GUILDFORD EXCH/SURREY CENTRAL STN,South of Fraser,Std. Bus,Basic,"64,000","23,000",http://infomaps.translink.ca/Public_Timetables/148/tt326.pdf,400m,11.5,,0,0,0,0,0,0,0,0,0
329,SURREY CENTRAL STN/SCOTTSDALE EXCH,South of Fraser,Std. Bus,Basic,"63,000","21,000",http://infomaps.translink.ca/Public_Timetables/148/tt329.pdf,400m,10,,0,0,0,0,0,0,0,0,0
335,NEWTON EXCH/SURREY CENTRAL STN,South of Fraser,Std. Bus,Peak Frequent,"103,000","26,000",http://infomaps.translink.ca/Public_Timetables/148/tt335.pdf,400m,13.4,,"- Summer 2015, Add two trips departing Surrey Central on the PM peak shoulder (M-F)","- Summer 2015, Extend the 2140hr trip from Guildford to Newton Exchange (M-F)","- April 2017, Increase service from 10 to 8-9m btwn Surrey Central and Guilford and from 20 to 15m btwn Guilford and Newton from 1600-1800 (M-F); Increase service from 30 to 20m from 1600-2000 (Sat) and 1700-1900 (S/H); Extend 30m service until 2400 (all days)","- Fall 2018, 14:30 trip extended to Newton Exchange (M-F)",0,0,0,0,0
337,FRASER HEIGHTS/GUILDFORD EXCH/SURREY CTRL STN,South of Fraser,Std. Bus,All Day Frequent,"47,000","16,000",http://infomaps.translink.ca/Public_Timetables/148/tt337.pdf,400m,8.6,,"- Winter 2017, Increase service 19:00-21:00 from every 30 to 15 min, and 21:00-22:00 from every 30 to 20 min (M-F)","- Spring 2018, Increase service 07:00-09:00 from every 30 to 15 min (Sat); Increase service 08:00-10:00 from every 30 to 15 min (Sun)","- Fall 2018, Increase service 07:00-08:00 from every 15 to 12 min (M-F)",0,0,0,0,0,0
340,SCOTTSDALE EXCH/22ND ST STN,South of Fraser,Std. Bus,Peak Frequent,"25,000","8,000",http://infomaps.translink.ca/Public_Timetables/148/tt340.pdf,400m,16.1,,"- Spring 2014, Reduce freq from 20 to 30m from 9-15hr (M-F); 11-19hr (Sat, S/H)","- Spring 2016, Add one bus from 6-19hr for Pattullo Bridge Rehabilitation (M-F)","- Fall 2016, End of Pattullo Bridge Rehabilitation; return to regular service levels (remove one bus from 6-19hr)",0,0,0,0,0,0
341,GUILDFORD EXCH/NEWTON EXCH,South of Fraser,Std. Bus,Standard,"48,000","12,000",http://infomaps.translink.ca/Public_Timetables/148/tt341.pdf,400m,9.1, Data reflects split with 342 in Sep 2016 ,"- Fall 2016, Split 341 at Newton Exchange into two separate routes; 341 operates btw Guildford and Newton Exchange",0,0,0,0,0,0,0,0
342,LANGLEY CENTRE/NEWTON EXCH,South of Fraser,Std. Bus,Standard,"51,000","24,000",http://infomaps.translink.ca/Public_Timetables/148/tt342.pdf,400m,20.8, Data reflects split with 341 in Sep 2016; See 341 for earlier data ,"- Fall 2016, Service introduction; new service to replace southern half of 341 btw Newton Exchange and Langley Ctr",0,0,0,0,0,0,0,0
345,KING GEORGE STN/WHITE ROCK CENTRE,South of Fraser,Std. Bus,Basic,"57,000","24,000",http://infomaps.translink.ca/Public_Timetables/148/tt345.pdf,400m,20.1,,"- Spring 2018, Convert final 3 trips of the night from community shuttle to conventional",0,0,0,0,0,0,0,0
351,CRESCENT BEACH/BRIDGEPORT STN,South of Fraser,Std. Bus,All Day Frequent,"40,000","15,000",http://infomaps.translink.ca/Public_Timetables/148/tt351.pdf,400m,44.2,,"- Spring 2015, Add one trip departing Bridgeport Station on PM peak shoulder (M-F)","- Summer 2015, Terminate two AM peak trips at White Rock Ctr to reduce service in Crescent Beach area (M-F)","- September 2017, Increase service from 9-15 to 8-12m during AM/PM peak (M-F)","- Winter 2017, Increase service 07:00-08:00 MB from every 8.5 to 7.5 min (M-F)","- Fall 2018, Shorten trips 24:00-26:00 to 128 St/Crescent Rd unless further stop requested by cusomer","- Winter 2018, Add 2 PM peak trips 18:00-19:00 btw South Surrey P&R and Bridgeport Stn (M-F)",0,0,0
352,OCEAN PARK /BRIDGEPORT STN,South of Fraser,Std. Bus,Peak Only Limited,"18,000","4,000",http://infomaps.translink.ca/Public_Timetables/148/tt352.pdf,400m,44.8,,"- Summer 2014, Adjust headways to consistent 15m freq from 6-7hr (M-F)",0,0,0,0,0,0,0,0
354,WHITE ROCK SOUTH/BRIDGEPORT STN,South of Fraser,Std. Bus,Peak Only Limited,"40,000","18,000",http://infomaps.translink.ca/Public_Timetables/148/tt354.pdf,400m,41, Data reflects new service area to Morgan Creek in Sep 2017; Low data sampling 2014 ,"- September 2017, Reroute to serve Morgan Creek via 160th Street and 32nd Avenue ",0,0,0,0,0,0,0,0
360,OCEAN PARK/PEACE ARCH HOSPITAL,South of Fraser,Mini-Bus,Basic,"28,000","7,000",http://infomaps.translink.ca/Public_Timetables/148/tt360.pdf,400m,12.2,,"- Fall 2014, Reduce freq from 30 to 60m from 9-15hr (M-F)","- September 2017, Renumber former C50 to new 360","- April 2017, Increase service from 60 to 30m from 0600-1500 (M-F)",0,0,0,0,0,0
361,OCEAN PARK/WHITE ROCK CENTRE,South of Fraser,Mini-Bus,Basic,"29,000","9,000",http://infomaps.translink.ca/Public_Timetables/148/tt361.pdf,400m,11.2,,"- Fall 2014, Reduce freq from 30 to 60m from 9-15hr (M-F)","- September 2017, Renumber former C51 to new 361","- April 2017, Increase service from 60 to 30m from 0900-1500 (M-F)",0,0,0,0,0,0
362,SEASIDE/WHITE ROCK CENTRE,South of Fraser,Mini-Bus,Standard,"20,000","8,000",http://infomaps.translink.ca/Public_Timetables/148/tt362.pdf,400m,3.5,,"- Fall 2014, Reduce freq from 30 to 60m from 9-15hr, 19-22hr (M-F), 8-24hr (Sat) & 8-22hr (S/H)","- September 2017, Renumber former C52 to new 362; permanently maintain summer seasonal increase from 60 to 30m from 1900-2200 M-F, 0800-2400 Sat, 0800-2200 S/H","- April 2017, Increase service from 60 to 30m from 0900-1500 (M-F)",0,0,0,0,0,0
363,SOUTHPOINT/PEACE ARCH HOSPITAL,South of Fraser,Mini-Bus,Standard,"31,000","13,000",http://infomaps.translink.ca/Public_Timetables/148/tt363.pdf,400m,11.9, Data reflects new service area to Morgan Creek in Sep 2017 ,"- Fall 2014, Add service (2 trips) late night (M-F) to extend hours of service","- Fall 2014, Reduce freq from 30 to 60m from 9-15hr, 19-21hr (M-F), 7-20hr (Sat) & 8-19hr (S/H)","- September 2017, Renumber former C53 to new 363; Reroute to Morgan Creek via 32nd Avenue","- April 2017, Increase service from 60 to 30m from 0900-1500 (M-F)",0,0,0,0,0
364,LANGLEY CENTRE/SCOTTSDALE EXCH,South of Fraser,Std. Bus,Standard,"59,000","22,000",http://infomaps.translink.ca/Public_Timetables/148/tt364.pdf,400m,21.7,,0,0,0,0,0,0,0,0,0
370,CLOVERDALE/WILLOWBROOK,South of Fraser,Mini-Bus,Basic,"30,000","10,000",http://infomaps.translink.ca/Public_Timetables/148/tt370.pdf,400m,10.5,,"- Fall 2014, Reduce freq from 30 to 60m from 9-15hr & 18-20hr (M-F)","- Winter 2014, Add one trip at 1500 leaving Willowbrook (M-F)","- Winter 2017, Operate route by contractor (M-F)","- Summer 2018, Change route name from C70 to 370",0,0,0,0,0
371,SURREY CENTRAL STN/SCOTT RD STN,South of Fraser,Mini-Bus,Basic,"27,000","11,000",http://infomaps.translink.ca/Public_Timetables/148/tt371.pdf,400m,8,,"- Spring 2018, Change route name from C71 to 371",0,0,0,0,0,0,0,0
372,CLAYTON HEIGHTS/LANGLEY CENTRE,South of Fraser,Mini-Bus,Standard,"29,000","13,000",http://infomaps.translink.ca/Public_Timetables/148/tt372.pdf,400m,10.2, New route to Clayton Heights starting Sep 2017 ,"- September 2017, Introduce new 30m service to Clayton Heights","- Winter 2017, Introduce new service span 20:00-21:00 running every 30m (Sun)",0,0,0,0,0,0,0
373,GUILDFORD EXCH/SURREY CENTRAL STN,South of Fraser,Mini-Bus,Basic,"52,000","17,000",http://infomaps.translink.ca/Public_Timetables/148/tt373.pdf,400m,13.6,,"- April 2017, Increase service from 30 to 20m during PM peak (M-F)","- Spring 2018, Change route name from C73 to 373",0,0,0,0,0,0,0
375,WHITE ROCK/WHITE ROCK SOUTH/GUILDFORD EXCH,South of Fraser,Std. Bus,Standard,"72,000","23,000",http://infomaps.translink.ca/Public_Timetables/148/tt375.pdf,400m,22.2,,"- April 2017, Extend 60m SB service until 2248hr (M-F; Sat)",0,0,0,0,0,0,0,0
388,22ND ST STN/CARVOLTH EXCH,South of Fraser,Mini-Bus,Peak Only Limited,"46,000","23,000",http://infomaps.translink.ca/Public_Timetables/148/tt388.pdf,400m,33.3, Low data sampling 2015 ,"- Spring 2016, Add one bus during AM & PM peak for Pattullo Bridge Rehabilitation (M-F)","- Fall 2016, End of Pattullo Bridge Rehabilitation; return to regular service levels (remove one bus during AM & PM peak)","- Winter 2018, Convert from community shuttle to standard 40' bus (all days)",0,0,0,0,0,0
391,SCOTTSDALE/SCOTT ROAD STN,South of Fraser,Std. Bus,Peak Only Limited,"33,000","6,000",http://infomaps.translink.ca/Public_Timetables/148/tt391.pdf,400m,9,,0,0,0,0,0,0,0,0,0
393,NEWTON EXCH/SURREY CENTRAL STN,South of Fraser,Std. Bus,Peak Only Limited,"57,000","19,000",http://infomaps.translink.ca/Public_Timetables/148/tt393.pdf,400m,13.2,,0,0,0,0,0,0,0,0,0
394,WHITE ROCK/KING GEORGE STN EXPRESS,South of Fraser,Std. Bus,Peak Only Limited,"51,000","27,000",http://infomaps.translink.ca/Public_Timetables/148/tt394.pdf,400m,20, Low data sampling 2018 ,"- Fall 2016, Adjust stopping procedure to make easier to understand and improve travel times",0,0,0,0,0,0,0,0
395,LANGLEY CENTRE/KING GEORGE STN,South of Fraser,Std. Bus,Peak Only Limited,"57,000","29,000",http://infomaps.translink.ca/Public_Timetables/148/tt395.pdf,400m,20.4,,"- Summer 2014, Relocate PM departure terminus from Surrey Central Station to King George Station","- Summer 2015, Revise eastern terminus from 200th St & 6th Ave to Langley Centre",0,0,0,0,0,0,0
401,ONE ROAD/BRIGHOUSE STN,Richmond,Std. Bus,Peak Frequent,"48,000","16,000",http://infomaps.translink.ca/Public_Timetables/148/tt401.pdf,400m,16.7, Data reflects split with 408 in Sep 2018 ,"- April 2017, Increase service from 10-15 to 9-12m during AM/PM peak; Increase service from 60 to 30m from 2200-2400 (M-F)","- Fall 2018, Former 401 route split at Brighouse Stn, this route serves Brighouse Stn to Steveston",0,0,0,0,0,0,0
402,TWO ROAD/BRIGHOUSE STN,Richmond,Std. Bus,Peak Frequent,"53,000","12,000",http://infomaps.translink.ca/Public_Timetables/148/tt402.pdf,400m,9.3,,"- Spring 2015, Add one trip to Richmond-Brighouse Station on AM peak shoulder (M-F)","- Fall 2018, Increase service 07:00-08:00 from every 12 to 10 min (M-F)",0,0,0,0,0,0,0
403,BRIDGEPORT STN/THREE ROAD,Richmond,Std. Bus,Peak Frequent,"48,000","27,000",http://infomaps.translink.ca/Public_Timetables/148/tt403.pdf,400m,12.6,,"- Spring 2014, Reduce freq from 20 to 30m from 20-22hr (M-F, Sat); 5-8hr (Sat, S/H); 19-22hr (S/H)","- Fall 2015, Increase freq from 20 to 15m Sat 9-18hr; convert from articulated 60' bus to standard 40' bus Sat all-day","- Spring 2018, Increase service 14:00-19:00 from every 20 to 15 min (Sun), and 19:00-20:00 from every 30 to 20 min (Sun)","- Fall 2018, Increase service 07:00-09:00 from every 12 to 10 min, 09:00-09:30 from every 15 to 12 min, and 16:00-18:00 from every 12 to 10 min (M-F)",0,0,0,0,0
404,FOUR ROAD/BRIGHOUSE STN,Richmond,Std. Bus,Standard,"38,000","13,000",http://infomaps.translink.ca/Public_Timetables/148/tt404.pdf,400m,9.6,,"- Winter 2014, Discontinue service to Ladner Exchange; truncate service at Riverport Recreation Complex",0,0,0,0,0,0,0,0
405,FIVE ROAD/CAMBIE,Richmond,Std. Bus,Standard,"57,000","34,000",http://infomaps.translink.ca/Public_Timetables/148/tt405.pdf,400m,19.4,,0,0,0,0,0,0,0,0,0
406,BRIGHOUSE STN/STEVESTON,Richmond,Std. Bus,All Day Frequent,"59,000","13,000",http://infomaps.translink.ca/Public_Timetables/148/tt406.pdf,400m,, Data reflects split with 410 in Sep 2018; See 410 for earlier data ,"- Fall 2018, Former 410 route split at Brighouse Station, this route serves Brighouse Station to Steveston",0,0,0,0,0,0,0,0
407,GILBERT/BRIDGEPORT,Richmond,Std. Bus,Standard,"79,000","34,000",http://infomaps.translink.ca/Public_Timetables/148/tt407.pdf,400m,19,,0,0,0,0,0,0,0,0,0
408,BRIGHOUSE STN/IRONWOOD/RIVERPORT,Richmond,Std. Bus,Peak Frequent,"49,000","16,000",http://infomaps.translink.ca/Public_Timetables/148/tt408.pdf,400m,, Data reflects split with 401 in Sep 2018; See 401 for earlier data ,"- Fall 2018, Former 401 route split at Brighouse Station, this route serves Brighouse Stn to Ironwood/Riverport",0,0,0,0,0,0,0,0
410,22ND ST STN/BRIGHOUSE STN,Richmond,Std. Bus,All Day Frequent,"49,000","39,000",http://infomaps.translink.ca/Public_Timetables/148/tt410.pdf,400m,30.4, Data reflects split with 406 in Sep 2018 ,"- Winter 2014, Increase freq from 12 to 10m from 10-19hr (Sat) & 9-19hr (S/H)","- Spring 2015, Add one trip departing 22nd St. Station on PM peak shoulder (M-F)","- Spring 2016, Add one bus during AM & PM peak for Pattullo Bridge Rehabilitation (M-F)","- Fall 2016, End of Pattullo Bridge Rehabilitation; return to regular service levels (remove one bus during AM & PM peak)","- April 2017, Increase service from 7 to 6m during AM peak, from 9 to 8m during PM peak, from 30 to 20m from 2100-2400 (M-F); Increase service from 10 to 9m from 1400-1600 (Sat) and from 30 to 20m from 2200-2400 (Sat; S/H)","- Fall 2018, Former 410 route split at Brighouse Station, this route serves Brighouse Stn to 22nd Street Stn",0,0,0
412,BRIDGEPORT STN/SEA ISLAND SOUTH,Richmond,Std. Bus,Basic,"2,000","5,000",http://infomaps.translink.ca/Public_Timetables/148/tt412.pdf,400m,6.7,,"- Fall 2014, Add in additional trip between at 7:20hr to reduce pass-ups (M-F)","- Fall 2018, Change route name from C92 to 412",0,0,0,0,0,0,0
413,RIVERPORT/STEVESTON,Richmond,Mini-Bus,Basic,"32,000","7,000",http://infomaps.translink.ca/Public_Timetables/148/tt413.pdf,400m,12, Limited data sampling 2015 ,"- Fall 2014, Reduce freq from 30 to 60m from 9-15hr (M-F), 9-24hr (Sat) & 10-20hr (S/H)","- Fall 2018, Change route name from C93 to 413",0,0,0,0,0,0,0
414,RICHMOND OVAL/BRIGHOUSE STN,Richmond,Mini-Bus,Basic,"29,000","14,000",http://infomaps.translink.ca/Public_Timetables/148/tt414.pdf,400m,4.3, Limited data sampling 2015 ,"- Fall 2018, Change route name from C94 to 414",0,0,0,0,0,0,0,0
416,EAST CAMBIE/BRIGHOUSE STN,Richmond,Mini-Bus,Peak Only Limited,"39,000","27,000",http://infomaps.translink.ca/Public_Timetables/148/tt416.pdf,400m,10.3, Limited data sampling 2015 ,"- Fall 2014, Discontinue off-peak service 9-15hr and 18-21hr (M-F), all day (Sat), and all day (S/H) due to duplication with 405","- Fall 2018, Change route name from C96 to 416",0,0,0,0,0,0,0
418,KINGSWOOD/22ND ST STN,Richmond,Std. Bus,Peak Only Limited,"10,000","6,000",http://infomaps.translink.ca/Public_Timetables/148/tt418.pdf,400m,10.1, Low data sampling 2014 ,"- Winter 2014, Convert vehicle from mini-bus to conventional 40' bus (all trips)","- Fall 2018, Change route name from C98 to 418",0,0,0,0,0,0,0
430,METROTOWN STN/BRIGHOUSE STN,Richmond,Std. Bus,Standard,"82,000","39,000",http://infomaps.translink.ca/Public_Timetables/148/tt430.pdf,400m,18.6,,"- September 2017, Increase service from 20 to 15m from 600-900 and from 30 to 20m from 900-1300 (M-F)",0,0,0,0,0,0,0,0
480,UBC/BRIDGEPORT STN,Richmond,Std. Bus,Peak Frequent,"40,000","30,000",http://infomaps.translink.ca/Public_Timetables/148/tt480.pdf,400m,18.4,,"- Summer 2016, Adjust stopping procedure to make consistent with 043 and improve travel times",0,0,0,0,0,0,0,0
501,LANGLEY CENTRE/SURREY CENTRAL STN,South of Fraser,Std. Bus,Standard,"63,000","50,000",http://infomaps.translink.ca/Public_Timetables/148/tt501.pdf,400m,24.7, Data reflects service redesign in Sep 2016; Previously both 501 and 590 ,"- Fall 2016, Merge the 590 AM trips to Surrey Central and PM trips to Langley Centre","- April 2017, Increase service from 60 to 30m btwn Carvolth and Langley Centre from 1930-2230 (M-F)",0,0,0,0,0,0,0
502,LANGLEY CENTRE/SURREY CENTRAL STN,South of Fraser,Std. Bus,All Day Frequent,"61,000","31,000",http://infomaps.translink.ca/Public_Timetables/148/tt502.pdf,400m,18.1,,"- Fall 2016, Truncate 502 Brookswood trips at Langley Centre; remove peak-only trips to/from Brookswood","- April 2017, Increase service from 8-10 to 7-9m during AM/PM peak (M-F); Increase service from 15 to 12m from 900-1200 and 1700-1900 (Sat); Extend 30m service until 2600 (M-F; Sat)",0,0,0,0,0,0,0
503,ALDERGROVE/SURREY CENTRAL STN,South of Fraser,Std. Bus,Standard,"67,000","36,000",http://infomaps.translink.ca/Public_Timetables/148/tt503.pdf,400m,32.8,,"- Summer 2014, Service introduction, express service between Surrey Ctr and Langley Ctr and local service from Langley to Aldergrove",0,0,0,0,0,0,0,0
509,WALNUT GROVE/SURREY CENTRAL STN,South of Fraser,Std. Bus,Peak Only Limited,"53,000","19,000",http://infomaps.translink.ca/Public_Timetables/148/tt509.pdf,400m,21.7,,0,0,0,0,0,0,0,0,0
531,WHITE ROCK CENTRE/WILLOWBROOK,South of Fraser,Std. Bus,Standard,"47,000","30,000",http://infomaps.translink.ca/Public_Timetables/148/tt531.pdf,400m,22.8, Data reflects new connection to Langley Centre in Sep 2016 ,0,"- Fall 2016, Add two NB trips starting at 40th Ave & 204th St at 5hr (M-F)","- Fall 2016, Revise route to serve Langley Centre via 64th Ave and 56th Ave",0,0,0,0,0,0
555,CARVOLTH EXCH / LOUGHEED STN,South of Fraser,Std. Bus,Peak Frequent,"19,000","8,000",http://infomaps.translink.ca/Public_Timetables/148/tt555.pdf,400m,21.8,,"- Fall 2014, Add in 5 trips between 6-8hr (M-F); reroute to serve new stop at 156th Street.","- Winter 2014, Add in two trips between 15-16hr (M-F)","- Summer 2015, Add two trips from 22-23hr (all days)","- Summer 2015, Revise western terminus from Braid to Lougheed Town Centre","- April 2017, Increase service from 6-15 to 5-10m from 6-800 and 1500-2000 (M-F)","- Winter 2017, Increase service 06:00-07:00 from every 8 to 6 min, 07:00-08:00 from every 6 to 5 min, and 08:00-09:00 from every 10 to 7.5 min (M-F)","- Fall 2018, Increase service 09:00-14:00 from every 30 to 20 min (M-F); Increase service 10:00-17:00 from every 30 to 20 min (Sat)",0,0
560/561,LANGLEY CENTRE/LANGLEY HOSPITAL?BROOKSWOOD,South of Fraser,Mini-Bus,Basic,"8,000","2,000",http://infomaps.translink.ca/Public_Timetables/148/tt560.pdf; http://infomaps.translink.ca/Public_Timetables/148/tt560.pdf,400m,10.7, 560/561 run as a connected loop; No data sampling 2014 ,"- Summer 2018, Introduce new routes, route 560 replaces eastern portion of C60 and C61 between Langley Centre and 48 Ave/208 St, route 561 replaces western portion of C60 and C61 between Langley Centre and 48 Ave/208 St",0,0,0,0,0,0,0,0
562,LANGLEY CENTRE/WALNUT GROVE,South of Fraser,Mini-Bus,Basic,"31,000","13,000",http://infomaps.translink.ca/Public_Timetables/148/tt562.pdf,400m,20.4, No data sampling 2014 ,"- Summer 2018, Change route name from C62 to 562",0,0,0,0,0,0,0,0
563,LANGLEY CENTRE/FERNRIDGE,South of Fraser,Mini-Bus,Basic,"22,000","8,000",http://infomaps.translink.ca/Public_Timetables/148/tt563.pdf,400m,12.4, No data sampling 2014 ,- Revise route so all trips operate via 208 St between 40 Ave and Grade Crescent,"- June 2017, Increase NB service from 60 to 30m during AM peak (M-F)","- Summer 2018, Change route name from C63 to 563",0,0,0,0,0,0
564,LANGLEY CENTRE/WILLOWBROOK,South of Fraser,Mini-Bus,Basic,"19,000","17,000",http://infomaps.translink.ca/Public_Timetables/148/tt564.pdf,400m,10.8, No data sampling 2014 ,"- Summer 2018, Change route name from C64 to 564",0,0,0,0,0,0,0,0
595,MAPLE MEADOWS STN/LANGLEY CENTRE,South of Fraser,Std. Bus,Standard,"25,000","21,000",http://infomaps.translink.ca/Public_Timetables/148/tt595.pdf,400m,16.5, Data reflects new service area to Willoughby in Sep 2016 ,"- Fall 2016, Reroute from 200th St to 208th St btw Langley Centre and Carvolth Exchange","- December 2016, Discontinue express bus service and reintroduce all local stops to route",0,0,0,0,0,0,0
601,SOUTH DELTA/BOUNDARY BAY/BRIDGEPORT,Ladner/South Delta/Tsaww.,Std. Bus,Peak Frequent,"25,000","10,000",http://infomaps.translink.ca/Public_Timetables/148/tt601.pdf,400m,28.7, Data reflects new service area to Tsawwassen Mills in Sep 2016 ,"- Fall 2016, Reroute from 56th St to 52nd St to serve new Tsawwassen shopping mall","- Fall 2016, Convert one regular pattern trip to a Boundary Bay pattern trip at 8hr to address gap in coverage (M-F)","- April 2017, Increase service from 30 to 20m from 2100-2400 (all days)","- Winter 2018, Extend last trip to Bridgeport Stn from Steveston Hwy (Sat; S/H)",0,0,0,0,0
602,TSAWWASSEN HEIGHTS/BRIDGEPORT,Ladner/South Delta/Tsaww.,Std. Bus,Peak Only Limited,"14,000","6,000",http://infomaps.translink.ca/Public_Timetables/148/tt602.pdf,400m,25.8,,0,0,0,0,0,0,0,0,0
603,BEACH GROVE/BRIDGEPORT,Ladner/South Delta/Tsaww.,Std. Bus,Peak Only Limited,"18,000","6,000",http://infomaps.translink.ca/Public_Timetables/148/tt603.pdf,400m,14.7,,0,0,0,0,0,0,0,0,0
604,ENGLISH BLUFF/BRIDGEPORT,Ladner/South Delta/Tsaww.,Std. Bus,Peak Only Limited,"18,000","3,000",http://infomaps.translink.ca/Public_Timetables/148/tt604.pdf,400m,14.6, Low data sampling 2016 ,0,0,0,0,0,0,0,0,0
606,LADNER RING,Ladner/South Delta/Tsaww.,Std. Bus,Peak Only Limited,"17,000","3,000",http://infomaps.translink.ca/Public_Timetables/148/tt606.pdf,400m,5.4, Low data sampling 2015 and 2018 ,0,0,0,0,0,0,0,0,0
608,LADNER RING,Ladner/South Delta/Tsaww.,Std. Bus,Peak Only Limited,"17,000","3,000",http://infomaps.translink.ca/Public_Timetables/148/tt608.pdf,400m,4.8, Low data sampling 2018 ,0,0,0,0,0,0,0,0,0
609,TSAWWASSEN FIRST NATION/SOUTH DELTA,Ladner/South Delta/Tsaww.,Mini-Bus,Basic,"8,000","4,000",http://infomaps.translink.ca/Public_Timetables/148/tt609.pdf,400m,8.1, Data reflects new service area to Tsawwassen Mills Sep 2016; No data sampling 2014; Low data sampling 2015-2017 ,"- Fall 2016, Reroute via Canoe Pass Way & Salish Sea Dr to serve new Tsawwassen shopping mall","- Winter 2017, Operate route by CMBC (all days)",0,0,0,0,0,0,0
614,ENGLISH BLUFF/SOUTH DELTA REC CENTRE,Ladner/South Delta/Tsaww.,Mini-Bus,Basic,"15,000","3,000",http://infomaps.translink.ca/Public_Timetables/148/tt614.pdf,400m,6.6, Low data sampling 2014 and 2016; No data sampling in 2015 ,"- Fall 2018, Change route name from C84 to 614",0,0,0,0,0,0,0,0
616,LADNER SOUTH/LADNER EXCH,Ladner/South Delta/Tsaww.,Mini-Bus,Basic,"13,000","3,000",http://infomaps.translink.ca/Public_Timetables/148/tt616.pdf,400m,3.7,,"- Fall 2018, Change route name from C86 to 616",0,0,0,0,0,0,0,0
617,EAST LADNER/LADNER EXCH,Ladner/South Delta/Tsaww.,Mini-Bus,Basic,"8,000","1,000",http://infomaps.translink.ca/Public_Timetables/148/tt617.pdf,400m,2.4,,"- Fall 2018, Change route name from C87 to 617",0,0,0,0,0,0,0,0
618,LADNER NORTH/LADNER EXCH,Ladner/South Delta/Tsaww.,Mini-Bus,Basic,"14,000","3,000",http://infomaps.translink.ca/Public_Timetables/148/tt618.pdf,400m,4.1,,"- Fall 2018, Change route name from C88 to 618",0,0,0,0,0,0,0,0
619,BOUNDARY BAY/SOUTH DELTA REC CENTRE,Ladner/South Delta/Tsaww.,Mini-Bus,Basic,"6,000","2,000",http://infomaps.translink.ca/Public_Timetables/148/tt619.pdf,400m,5.5,,"- Fall 2018, Change route name from C89 to 619",0,0,0,0,0,0,0,0
620,TSAWWASSEN FERRY/BRIDGEPORT STN,Ladner/South Delta/Tsaww.,Artic. Bus,Standard,"8,000","4,000",http://infomaps.translink.ca/Public_Timetables/148/tt620.pdf,400m,27.7,,"- Fall 2016, Adjust stopping procedure to provide a more direct and faster service btwn Bridgeport and Tsawwassen Ferry","- September 2017, Add 1 additional trip per hour to meet ferry from 1500-1900 M-F, 800-1400 Sat, 1000-2300 S/H",0,0,0,0,0,0,0
640,LADNER EXCH/SCOTT ROAD STN,South of Fraser,Std. Bus,Standard,"12,000","12,000",http://infomaps.translink.ca/Public_Timetables/148/tt640.pdf,400m,24,,"- Spring 2015, Increase freq from 30 to 20m during PM peak (M-F)",0,0,0,0,0,0,0,0
701,HANEY/MAPLE RIDGE EAST/COQUITLAM CTRL STN,Maple Ridge/Pitt Meadows,Std. Bus,All Day Frequent,"54,000","26,000",http://infomaps.translink.ca/Public_Timetables/148/tt701.pdf,400m,23.3, Data reflects Evergreen Extension integration in Dec 2016 ,"- December 2016, Reroute due to Evergreen Extension; Reroute eastern segment of select trips to new terminus at Mission City Station via Lougheed Hwy (formerly served by WCE TrainBus)",0,0,0,0,0,0,0,0
719/722,MEADOWTOWN/FRASER WAY?BONSON,Maple Ridge/Pitt Meadows,Mini-Bus,Basic,"16,000","5,000",http://infomaps.translink.ca/Public_Timetables/148/tt719.pdf; http://infomaps.translink.ca/Public_Timetables/148/tt722.pdf,400m,5.8, 719/722 run as a connected loop; Low data sampling 2016 ,"- Spring 2014, Conversion of two-way 60m AM/PM peak service to counter-clockwise 30m AM peak & clockwise 30m PM peak (M-F)","- Fall 2018, Introduce new routes, route 719 replaces eastern portion of C41 from Meadowtown to Fraser Way, route 722 replaces western portion of C41 from Meadowtown to Fraser Way
- Route 722: Extend all trips to Maple Meadows","- Winter 2018, Adjust schedule to match previous C41 schedule (all days)",0,0,0,0,0,0
733,ROCK RIDGE/HANEY PLACE/PORT HANEY STN,Maple Ridge/Pitt Meadows,Mini-Bus,Basic,"19,000","6,000",http://infomaps.translink.ca/Public_Timetables/148/tt733.pdf,400m,7, New route to Silver Valley starting Sep 2017 ,"- September 2017, Reroute eastern portion of former C47 as new 733; Introduce new 30-45m service to Silver Valley","- Winter 2017, Introduce new service span 07:00-08:00 with one new trip (Sun)",0,0,0,0,0,0,0
741,ANDERSON CREEK/HANEY PLACE/PORT HANEY STN,Maple Ridge/Pitt Meadows,Mini-Bus,Basic,"17,000","6,000",http://infomaps.translink.ca/Public_Timetables/148/tt741.pdf,400m,7, New route to Silver Valley starting Sep 2017 ,"- September 2017, Reroute western portion of former C47 as new 741; Introduce new 30-45m service to Silver Valley","- Winter 2017, Introduce new service span 07:00-08:00 with one new trip (Sun)",0,0,0,0,0,0,0
743,HANEY PL/MAPLE MDWS STN/MEADOWTOWN,Maple Ridge/Pitt Meadows,Mini-Bus,Basic,"25,000","10,000",http://infomaps.translink.ca/Public_Timetables/148/tt743.pdf,400m,9.9, Low data sampling 2016 ,"- Fall 2014, Reduce freq from 30 to 60m from 9-15h, 18-20hr (M-F) & all day (Sat)","- Summer 2018, Change route name from C43 to 743","- Fall 2018, Extend all trips to Meadowtown",0,0,0,0,0,0
744,HANEY PL/MAPLE MDWS STN/MEADOWTOWN,Maple Ridge/Pitt Meadows,Mini-Bus,Basic,"28,000","10,000",http://infomaps.translink.ca/Public_Timetables/148/tt744.pdf,400m,10.4, Low data sampling 2016 ,"- Fall 2014, Reduce freq from 30 to 60m from 9-15hr (M-F) & all day (Sat)","- Summer 2018, Change route name from C44 to 744","- Fall 2018, Extend all trips to Meadowtown",0,0,0,0,0,0
745/746,COTTONWOOD? ALBION/HANEY PLACE,Maple Ridge/Pitt Meadows,Mini-Bus,Basic,"30,000","7,000",http://infomaps.translink.ca/Public_Timetables/148/tt745.pdf; http://infomaps.translink.ca/Public_Timetables/148/tt746.pdf,400m,10.6, 745/746 run as a connected loop; Low data sampling 2016 ,"- September 2017, Extend 60m service until 2100 (M-F)","- Summer 2018, Introduce new routes, route 745 replaces northeastern portion of C45 and C46 between Haney Place and Jackson Rd, route 746 replaces southwestern portion of C45 and C46 between Haney Place and Jackson Rd","- Winter 2018, Add 2 PM peak trips 16:00-18:00 to connect with WCE (M-F)",0,0,0,0,0,0
748,THORNHILL/HANEY PLACE,Maple Ridge/Pitt Meadows,Mini-Bus,Basic,"17,000","6,000",http://infomaps.translink.ca/Public_Timetables/148/tt748.pdf,400m,18.7, Low data sampling 2016 ,"- Summer 2018, Change route name from C48 to 748","- Fall 2018, Remove stop at Port Haney Station for 10:18 WB trip (All days)",0,0,0,0,0,0,0
749,RUSKIN/HANEY PLACE,Maple Ridge/Pitt Meadows,Mini-Bus,Basic,"14,000","6,000",http://infomaps.translink.ca/Public_Timetables/148/tt749.pdf,400m,19.4, Low data sampling 2016 ,"- Summer 2018, Change route name from C49 to 749",0,0,0,0,0,0,0,0
791,HANEY PLACE/BRAID STN,Maple Ridge/Pitt Meadows,Std. Bus,Basic,"38,000","24,000",http://infomaps.translink.ca/Public_Timetables/148/tt791.pdf,400m,25.9,,0,0,0,0,0,0,0,0,0
N10,DOWNTOWN/RICHMOND NIGHTBUS,Vancouver/UBC,Std. Bus,Special,"91,000","121,000",http://infomaps.translink.ca/Public_Timetables/148/ttN10.pdf,400m,19.4,,0,0,0,0,0,0,0,0,0
N15,DOWNTOWN/CAMBIE NIGHTBUS,Vancouver/UBC,Std. Bus,Special,"95,000","146,000",http://infomaps.translink.ca/Public_Timetables/148/ttN15.pdf,400m,9.7,,0,0,0,0,0,0,0,0,0
N17,DOWNTOWN/UBC NIGHTBUS,Vancouver/UBC,Artic. Bus,Special,"82,000","116,000",http://infomaps.translink.ca/Public_Timetables/148/ttN17.pdf,400m,11.5,,"- Fall 2015, Increase freq from 30 to 20m from 26-27hr (M-F, Sat)","- Spring 2018, One trip removed from service 02:00-03:00 (All) and reinvested to extend service to 03:30 (Fri-Sat)",0,0,0,0,0,0,0
N19,DOWNTOWN/SURREY CTRL STN NIGHTBUS,Burnaby/New Westminster,Artic. Bus,Special,"205,000","178,000",http://infomaps.translink.ca/Public_Timetables/148/ttN19.pdf,400m,27.4,,"- Fall 2015, Add add'l trips to provide 24hr service between first and last SkyTrain","- Fall 2015, Add one additional EB trip from 26-27hr (all days)",0,0,0,0,0,0,0
N20,DOWNTOWN/VICTORIA NIGHTBUS,Vancouver/UBC,Std. Bus,Special,"141,000","141,000",http://infomaps.translink.ca/Public_Timetables/148/ttN20.pdf,400m,15.9,,"- Fall 2015, Increase freq from 30 to 20m from 26-27hr (M-F, Sat)","- Summer 2016, Revise southern terminus from Harrison Loop to Marine Drive Station","- June 2017, Extend 30m service until 2900 (M-F; Sat)",0,0,0,0,0,0
N22,DOWNTOWN/MACDONALD NIGHTBUS,Vancouver/UBC,Std. Bus,Special,"89,000","116,000",http://infomaps.translink.ca/Public_Timetables/148/ttN22.pdf,400m,10.8, Low data sampling 2014-2015 ,"- Summer 2016, Truncate route at Dunbar Loop; provide two-way service along W. 41st Ave, Mackenzie St, and Macdonald St",0,0,0,0,0,0,0,0
N24,DOWNTOWN/ LYNN VALLEY NIGHTBUS,North Shore,Std. Bus,Special,"107,000","134,000",http://infomaps.translink.ca/Public_Timetables/148/ttN24.pdf,400m,17.7,,"- Fall 2015, Increase freq from 30 to 20m from 26-27hr (M-F, Sat)",0,0,0,0,0,0,0,0
N35,DOWNTOWN/SFU NIGHTBUS,Burnaby/New Westminster,Artic. Bus,Special,"97,000","136,000",http://infomaps.translink.ca/Public_Timetables/148/ttN35.pdf,400m,17.8, Low data sampling 2014 ,"- Summer 2015, Increase freq from 30 to 20m from 26-27hr (Sat)","- Fall 2015, Increase freq from 30 to 20m from 26-27hr (M-F)","- June 2017, Extend 30m service until 2900 (M-F; Sat); Increase service from 30 to 20m from 2600-2700 (Sat)","- Winter 2017, Add one trip WB at 05:00 (Sat); Add five trips WB and three trips EB 02:00-04:00 (Sun); Service now provided on corridor 30 min or better 24/7 when combined with 95",0,0,0,0,0
N8,DOWNTOWN/FRASER NIGHTBUS,Vancouver/UBC,Std. Bus,Special,"121,000","141,000",http://infomaps.translink.ca/Public_Timetables/148/ttN8.pdf,400m,12.6,,"- Fall 2015, Increase freq from 30 to 20m from 26-27hr (M-F, Sat)","- Summer 2016, Revise southern terminus from Fraser & Marine to Marine Drive Station","- June 2017, Extend 30m service until 2900 (M-F; Sat)",0,0,0,0,0,0
N9,DOWNTOWN/LOUGHEED STN/COQ CTRL STN NIGHTBUS,Vancouver/UBC,Std. Bus,Special,"193,000","178,000",http://infomaps.translink.ca/Public_Timetables/148/ttN9.pdf,400m,28.1, Low data sampling 2015 ,"- Fall 2015, Increase freq from 30 to 20m from 26-27hr (M-F, Sat)","- December 2016, Revise due to Evergreen Extension; Extend 30m service from 2500-2900 (all days)","- June 2017, Extend 30m service until 2830 (all days); Extend early morning WB service to 0630 (Sat; S/H)",0,0,0,0,0,0
